region,hunter,total,percent
domestic,1308,4017,0.325616131
central states,258,737,0.350067843
florida,74,296,0.25
great lakes,171,558,0.306451613
northeast,105,476,0.220588235
northern california,162,424,0.382075472
northwest,106,261,0.406130268
southeast,159,512,0.310546875
southern california,85,201,0.422885572
southwest,152,434,0.350230415
